Tamano ts,Va_Fa,Out,SNR_In,Valores Faltantes,Outliers,SNR,Caos
20000,0,0,0,0.0,0,No se puede calcular SNR,0.2953229664159674
20000,0,0,5,0.0,0,No se puede calcular SNR,0.020245124350537273
20000,0,0,10,0.0,0,No se puede calcular SNR,0.04042783071706582
20000,0,0,15,0.0,0,No se puede calcular SNR,0.06872176623770171
20000,0,0,20,0.0,0,No se puede calcular SNR,0.14035644023255867
20000,0,0,25,0.0,0,No se puede calcular SNR,0.1703645088842938
20000,0,5,0,0.0,2,No se puede calcular SNR,0.12334630990766791
20000,0,5,5,0.0,2,No se puede calcular SNR,0.016905707972390216
20000,0,5,10,0.0,2,No se puede calcular SNR,0.031221655436924473
20000,0,5,15,0.0,2,No se puede calcular SNR,0.043748919256440845
20000,0,5,20,0.0,2,No se puede calcular SNR,0.057714257790492086
20000,0,5,25,0.0,2,No se puede calcular SNR,0.0816398121416569
20000,0,10,0,0.0,3,No se puede calcular SNR,0.06942787471708353
20000,0,10,5,0.0,4,No se puede calcular SNR,0.006530496207150538
20000,0,10,10,0.0,3,No se puede calcular SNR,0.021918489382817145
20000,0,10,15,0.0,3,No se puede calcular SNR,0.03551870335589399
20000,0,10,20,0.0,3,No se puede calcular SNR,0.044739426099337024
20000,0,10,25,0.0,3,No se puede calcular SNR,0.0526421476196456
20000,0,15,0,0.0,4,No se puede calcular SNR,0.04931940613212163
20000,0,15,5,0.0,4,No se puede calcular SNR,0.006415214321830018
20000,0,15,10,0.0,4,No se puede calcular SNR,0.020622160408523004
20000,0,15,15,0.0,4,No se puede calcular SNR,0.03333574991959789
20000,0,15,20,0.0,4,No se puede calcular SNR,0.03943996350843824
20000,0,15,25,0.0,4,No se puede calcular SNR,0.04283271857670367
20000,0,20,0,0.0,5,No se puede calcular SNR,0.039238290734343394
20000,0,20,5,0.0,5,No se puede calcular SNR,0.006249296665191611
20000,0,20,10,0.0,5,No se puede calcular SNR,0.01902741783267844
20000,0,20,15,0.0,5,No se puede calcular SNR,0.030268652360517886
20000,0,20,20,0.0,5,No se puede calcular SNR,0.03529202492682483
20000,0,20,25,0.0,5,No se puede calcular SNR,0.03736651598752193
20000,0,25,0,0.0,6,No se puede calcular SNR,0.03691915260566455
20000,0,25,5,0.0,5,No se puede calcular SNR,0.00575191541151569
20000,0,25,10,0.0,5,No se puede calcular SNR,0.017913851109179788
20000,0,25,15,0.0,6,No se puede calcular SNR,0.03004114234840467
20000,0,25,20,0.0,6,No se puede calcular SNR,0.033386106281490045
20000,0,25,25,0.0,6,No se puede calcular SNR,0.03481442220918418
20000,5,0,0,5.0,0,No se puede calcular SNR,0.10098613799846433
20000,5,0,5,5.0,0,No se puede calcular SNR,0.018251421797366576
20000,5,0,10,5.0,0,No se puede calcular SNR,0.024419225834228113
20000,5,0,15,5.0,0,No se puede calcular SNR,0.04403697055774726
20000,5,0,20,5.0,0,No se puede calcular SNR,0.055561562684866034
20000,5,0,25,5.0,0,No se puede calcular SNR,0.06920452301318826
20000,5,5,0,5.0,2,No se puede calcular SNR,0.059780860209202986
20000,5,5,5,5.0,2,No se puede calcular SNR,0.006378932432694893
20000,5,5,10,5.0,2,No se puede calcular SNR,0.02094270305319138
20000,5,5,15,5.0,2,No se puede calcular SNR,0.026055031425350247
20000,5,5,20,5.0,2,No se puede calcular SNR,0.04004408212808457
20000,5,5,25,5.0,2,No se puede calcular SNR,0.047791196487762054
20000,5,10,0,5.0,3,No se puede calcular SNR,0.04147976361788233
20000,5,10,5,5.0,3,No se puede calcular SNR,0.005785657059062579
20000,5,10,10,5.0,3,No se puede calcular SNR,0.00819442272186283
20000,5,10,15,5.0,3,No se puede calcular SNR,0.023001393774053497
20000,5,10,20,5.0,3,No se puede calcular SNR,0.027016245401822542
20000,5,10,25,5.0,3,No se puede calcular SNR,0.036836013951144324
20000,5,15,0,5.0,4,No se puede calcular SNR,0.026550852990412387
20000,5,15,5,5.0,4,No se puede calcular SNR,0.0013227571140637016
20000,5,15,10,5.0,4,No se puede calcular SNR,0.007259612733667585
20000,5,15,15,5.0,4,No se puede calcular SNR,0.0202649307774973
20000,5,15,20,5.0,4,No se puede calcular SNR,0.023298694537236046
20000,5,15,25,5.0,4,No se puede calcular SNR,0.02524050185968584
20000,5,20,0,5.0,5,No se puede calcular SNR,0.023455862815563444
20000,5,20,5,5.0,4,No se puede calcular SNR,0.0016244339220451284
20000,5,20,10,5.0,4,No se puede calcular SNR,0.006968293406746626
20000,5,20,15,5.0,5,No se puede calcular SNR,0.019042588197267847
20000,5,20,20,5.0,5,No se puede calcular SNR,0.020397708966181757
20000,5,20,25,5.0,5,No se puede calcular SNR,0.022722681800087643
20000,5,25,0,5.0,6,No se puede calcular SNR,0.021453601973397303
20000,5,25,5,5.0,5,No se puede calcular SNR,0.0014717073151559608
20000,5,25,10,5.0,5,No se puede calcular SNR,0.0067441430958834914
20000,5,25,15,5.0,6,No se puede calcular SNR,0.018787055225162646
20000,5,25,20,5.0,5,No se puede calcular SNR,0.019702211841122072
20000,5,25,25,5.0,6,No se puede calcular SNR,0.021569627981919408
20000,10,0,0,10.0,0,No se puede calcular SNR,0.05479574478589569
20000,10,0,5,10.0,0,No se puede calcular SNR,0.0053389408371665534
20000,10,0,10,10.0,0,No se puede calcular SNR,0.02141723069515849
20000,10,0,15,10.0,0,No se puede calcular SNR,0.03491775020138247
20000,10,0,20,10.0,0,No se puede calcular SNR,0.040353388838715545
20000,10,0,25,10.0,0,No se puede calcular SNR,0.04576139017775813
20000,10,5,0,10.0,2,No se puede calcular SNR,0.02916994330647223
20000,10,5,5,10.0,2,No se puede calcular SNR,0.001033998258186116
20000,10,5,10,10.0,2,No se puede calcular SNR,0.007607215101068703
20000,10,5,15,10.0,2,No se puede calcular SNR,0.022293003050835505
20000,10,5,20,10.0,2,No se puede calcular SNR,0.024600941401261487
20000,10,5,25,10.0,2,No se puede calcular SNR,0.027142860077239588
20000,10,10,0,10.0,3,No se puede calcular SNR,0.022713640888968614
20000,10,10,5,10.0,3,No se puede calcular SNR,0.00169944618687491
20000,10,10,10,10.0,3,No se puede calcular SNR,0.005929470062255877
20000,10,10,15,10.0,3,No se puede calcular SNR,0.008483474904840633
20000,10,10,20,10.0,3,No se puede calcular SNR,0.020002075604029994
20000,10,10,25,10.0,3,No se puede calcular SNR,0.02203390165999692
20000,10,15,0,10.0,4,No se puede calcular SNR,0.02030161055889748
20000,10,15,5,10.0,4,No se puede calcular SNR,0.0016820250135479548
20000,10,15,10,10.0,3,No se puede calcular SNR,0.005310683900659714
20000,10,15,15,10.0,4,No se puede calcular SNR,0.00800151283090766
20000,10,15,20,10.0,4,No se puede calcular SNR,0.019956127652582083
20000,10,15,25,10.0,4,No se puede calcular SNR,0.021127044569574996
20000,10,20,0,10.0,4,No se puede calcular SNR,0.02054363190152785
20000,10,20,5,10.0,4,No se puede calcular SNR,0.005432036789980843
20000,10,20,10,10.0,4,No se puede calcular SNR,0.006094730984080978
20000,10,20,15,10.0,4,No se puede calcular SNR,0.005795473402196781
20000,10,20,20,10.0,4,No se puede calcular SNR,0.008347813649611012
20000,10,20,25,10.0,5,No se puede calcular SNR,0.02087424495617981
20000,10,25,0,10.0,5,No se puede calcular SNR,0.007880994406613462
20000,10,25,5,10.0,5,No se puede calcular SNR,0.0015561956347842135
20000,10,25,10,10.0,5,No se puede calcular SNR,0.0055481271310286896
20000,10,25,15,10.0,5,No se puede calcular SNR,0.007222241705114179
20000,10,25,20,10.0,5,No se puede calcular SNR,0.006631197712638246
20000,10,25,25,10.0,5,No se puede calcular SNR,0.019872051678931066
20000,15,0,0,15.0,0,No se puede calcular SNR,0.028362952745877714
20000,15,0,5,15.0,0,No se puede calcular SNR,0.0012756701671716509
20000,15,0,10,15.0,0,No se puede calcular SNR,0.007681742581454222
20000,15,0,15,15.0,0,No se puede calcular SNR,0.022309336033496188
20000,15,0,20,15.0,0,No se puede calcular SNR,0.02379666186951011
20000,15,0,25,15.0,0,No se puede calcular SNR,0.02814527330817752
20000,15,5,0,15.0,2,No se puede calcular SNR,0.02251095038193915
20000,15,5,5,15.0,2,No se puede calcular SNR,0.0010995091813984206
20000,15,5,10,15.0,1,No se puede calcular SNR,0.01110042199952166
20000,15,5,15,15.0,2,No se puede calcular SNR,0.007566841082139468
20000,15,5,20,15.0,1,No se puede calcular SNR,0.0206918899829571
20000,15,5,25,15.0,1,No se puede calcular SNR,0.02177697878617499
20000,15,10,0,15.0,3,No se puede calcular SNR,0.02094057842585355
20000,15,10,5,15.0,3,No se puede calcular SNR,0.0009212847911950182
20000,15,10,10,15.0,3,No se puede calcular SNR,0.004777781529860086
20000,15,10,15,15.0,3,No se puede calcular SNR,0.006948207725178147
20000,15,10,20,15.0,3,No se puede calcular SNR,0.008132550933144338
20000,15,10,25,15.0,3,No se puede calcular SNR,0.007796381820331923
20000,15,15,0,15.0,4,No se puede calcular SNR,0.006637470288710196
20000,15,15,5,15.0,3,No se puede calcular SNR,0.001282611760226218
20000,15,15,10,15.0,3,No se puede calcular SNR,0.005576563965190583
20000,15,15,15,15.0,3,No se puede calcular SNR,0.006491781364787729
20000,15,15,20,15.0,4,No se puede calcular SNR,0.007221255519173417
20000,15,15,25,15.0,4,No se puede calcular SNR,0.005929979411038481
20000,15,20,0,15.0,4,No se puede calcular SNR,0.006248719041997842
20000,15,20,5,15.0,4,No se puede calcular SNR,0.0016844489357688243
20000,15,20,10,15.0,4,No se puede calcular SNR,0.0022800474455862796
20000,15,20,15,15.0,4,No se puede calcular SNR,0.005547294833443379
20000,15,20,20,15.0,4,No se puede calcular SNR,0.005181548812172668
20000,15,20,25,15.0,4,No se puede calcular SNR,0.006238483298908582
20000,15,25,0,15.0,5,No se puede calcular SNR,0.0014992345463146785
20000,15,25,5,15.0,4,No se puede calcular SNR,0.00046517054239913564
20000,15,25,10,15.0,4,No se puede calcular SNR,0.0017606142795448193
20000,15,25,15,15.0,4,No se puede calcular SNR,0.005543490973385926
20000,15,25,20,15.0,5,No se puede calcular SNR,0.0015334606170655342
20000,15,25,25,15.0,5,No se puede calcular SNR,0.011261166532385949
20000,20,0,0,20.0,0,No se puede calcular SNR,0.022703836252401105
20000,20,0,5,20.0,0,No se puede calcular SNR,0.001427529797409541
20000,20,0,10,20.0,0,No se puede calcular SNR,0.006921746514060273
20000,20,0,15,20.0,0,No se puede calcular SNR,0.021059868444923226
20000,20,0,20,20.0,0,No se puede calcular SNR,0.020887253703651767
20000,20,0,25,20.0,0,No se puede calcular SNR,0.021199578527661703
20000,20,5,0,20.0,2,No se puede calcular SNR,0.02109277306882219
20000,20,5,5,20.0,1,No se puede calcular SNR,0.0016442306113966221
20000,20,5,10,20.0,1,No se puede calcular SNR,0.00513613007285385
20000,20,5,15,20.0,1,No se puede calcular SNR,0.007423243739388249
20000,20,5,20,20.0,1,No se puede calcular SNR,0.007907494631680608
20000,20,5,25,20.0,1,No se puede calcular SNR,0.008108227903192744
20000,20,10,0,20.0,2,No se puede calcular SNR,0.006099123304540458
20000,20,10,5,20.0,2,No se puede calcular SNR,0.0007187987818862719
20000,20,10,10,20.0,2,No se puede calcular SNR,0.0015480438868204767
20000,20,10,15,20.0,2,No se puede calcular SNR,0.005502427708018937
20000,20,10,20,20.0,2,No se puede calcular SNR,0.006067512252114051
20000,20,10,25,20.0,2,No se puede calcular SNR,0.005362512848593995
20000,20,15,0,20.0,3,No se puede calcular SNR,0.005521655082702711
20000,20,15,5,20.0,3,No se puede calcular SNR,0.00038621931365043406
20000,20,15,10,20.0,3,No se puede calcular SNR,0.0005105249809496545
20000,20,15,15,20.0,3,No se puede calcular SNR,0.0014485178571758915
20000,20,15,20,20.0,3,No se puede calcular SNR,0.005569464510137404
20000,20,15,25,20.0,3,No se puede calcular SNR,0.0047920237887989405
20000,20,20,0,20.0,4,No se puede calcular SNR,0.005240418694236095
20000,20,20,5,20.0,3,No se puede calcular SNR,0.0003509579282818463
20000,20,20,10,20.0,3,No se puede calcular SNR,0.001558761885671894
20000,20,20,15,20.0,3,No se puede calcular SNR,0.0012512091434364041
20000,20,20,20,20.0,4,No se puede calcular SNR,0.005968552285974708
20000,20,20,25,20.0,4,No se puede calcular SNR,0.005528289621526544
20000,20,25,0,20.0,4,No se puede calcular SNR,0.004987973516637648
20000,20,25,5,20.0,4,No se puede calcular SNR,0.0005716323852539225
20000,20,25,10,20.0,4,No se puede calcular SNR,0.0010173046227657716
20000,20,25,15,20.0,4,No se puede calcular SNR,0.0007678284789576756
20000,20,25,20,20.0,4,No se puede calcular SNR,0.005328749526630763
20000,20,25,25,20.0,4,No se puede calcular SNR,0.00115464672897803
20000,25,0,0,25.0,0,No se puede calcular SNR,0.008210407603870736
20000,25,0,5,25.0,0,No se puede calcular SNR,0.0009541352589925679
20000,25,0,10,25.0,0,No se puede calcular SNR,0.005133274468508667
20000,25,0,15,25.0,0,No se puede calcular SNR,0.006773478334600259
20000,25,0,20,25.0,0,No se puede calcular SNR,0.007093031839890932
20000,25,0,25,25.0,0,No se puede calcular SNR,0.006686363436958994
20000,25,5,0,25.0,1,No se puede calcular SNR,0.006209314953197201
20000,25,5,5,25.0,1,No se puede calcular SNR,0.0005694555513786688
20000,25,5,10,25.0,1,No se puede calcular SNR,0.0011143373720574532
20000,25,5,15,25.0,1,No se puede calcular SNR,0.0015016324592359628
20000,25,5,20,25.0,1,No se puede calcular SNR,0.005791944807226086
20000,25,5,25,25.0,1,No se puede calcular SNR,0.006027541377327707
20000,25,10,0,25.0,2,No se puede calcular SNR,0.004509114135395409
20000,25,10,5,25.0,2,No se puede calcular SNR,0.0002855980035031135
20000,25,10,10,25.0,2,No se puede calcular SNR,0.0008999824523926015
20000,25,10,15,25.0,2,No se puede calcular SNR,0.0006274729064016968
20000,25,10,20,25.0,2,No se puede calcular SNR,0.0051084366711703294
20000,25,10,25,25.0,2,No se puede calcular SNR,0.004990333860570753
20000,25,15,0,25.0,3,No se puede calcular SNR,0.0012789711807714276
20000,25,15,5,25.0,3,No se puede calcular SNR,-0.0002079905885638255
20000,25,15,10,25.0,3,No se puede calcular SNR,0.0013655373544404362
20000,25,15,15,25.0,3,No se puede calcular SNR,0.0011102264577692584
20000,25,15,20,25.0,3,No se puede calcular SNR,0.0018208229180538785
20000,25,15,25,25.0,3,No se puede calcular SNR,0.0020198995416814943
20000,25,20,0,25.0,3,No se puede calcular SNR,0.0018270283034353839
20000,25,20,5,25.0,3,No se puede calcular SNR,0.0007120204694343734
20000,25,20,10,25.0,3,No se puede calcular SNR,0.0007707342957006217
20000,25,20,15,25.0,3,No se puede calcular SNR,0.0006424658226244408
20000,25,20,20,25.0,3,No se puede calcular SNR,0.00175234404477206
20000,25,20,25,25.0,3,No se puede calcular SNR,0.0010991710605043141
20000,25,25,0,25.0,4,No se puede calcular SNR,0.0014486652432066042
20000,25,25,5,25.0,3,No se puede calcular SNR,0.0005164131973729693
20000,25,25,10,25.0,3,No se puede calcular SNR,0.000532184947620799
20000,25,25,15,25.0,4,No se puede calcular SNR,0.0003827918659557444
20000,25,25,20,25.0,4,No se puede calcular SNR,0.0009835958480836082
20000,25,25,25,25.0,4,No se puede calcular SNR,0.0009964603366273716
